emotion,percentage
neutral,75.0
surprise,16.666666666666664
fear,8.333333333333332
